﻿Designator,Footprint,Quantity,Value,LCSC Part #
B1,BATT_HLDR_LNX,1,BAT-HLD-001,
C1,0805,1,10u,
"C10, C11, C2, C3, C4, C5, C6",0805,7,0.1u,
"C8, C9",0805,2,20p,
CS1,0805,1,20n,
CX1,0805,1,10p,
"D1, D2, D3, D4",WL-S7DS_0.3INCH,4,WL-S7DS,
J1,SWD_pads,1,Conn_01x05_Pin,
J2,PinSocket_1x02_P1.00mm_Vertical_SMD_Pin1Left,1,Touch Electrode,
"R0, R11",0805,2,10K,
"R1, R2, R3, R4, R5, R6, R7, R8",0805,8,200,
"R10, R9, RS1",0805,3,2k2,
U1,LQFP-48_7x7mm_P0.5mm,1,STM32L010C6Tx,
U2,SSOP-28_5.3x10.2mm_P0.65mm,1,MCP23017_SS,
U3,SOT-23-6,1,AT42QT1010-TSHR,
Y1,XTAL_AB26T-32.768KHZ,1,32.768KHZ,
