﻿Designator,Footprint,Quantity,Value,LCSC Part #
B1,BATT_HLDR_LNX,1,BAT-HLD-001,
"C1, C3",0805,2,10p,
"C10, C9",0805,2,4u7,
"C11, C12, C13, C14, C15, C16, C18, C19",0805,8,1u,
C17,0805,1,1u(optional),
"C2, C5, C6, C7, C8",0805,5,0.1u,
C4,0805,1,10u,
"D1, D2, D3",D_SOD-123,3,MBR0530,
E-INK1,E-Ink 1.54 Display,1,~,
J1,Untitled_2,1,UART Pads,
J2,AMPHENOL_SFV24R-1STE1HLF,1,E-Ink connector,
J3,PinHeader_1x03_P1.00mm_Vertical,1,Pin header A,
J4,PinHeader_1x03_P1.00mm_Vertical,1,Pin header B,
J6,PinHeader_1x03_P1.00mm_Vertical,1,Pin header A top,
J7,PinHeader_1x03_P1.00mm_Vertical,1,Pin header B top,
L1,IND_LQH32CN100K23L,1,10u/47u,
Q1,SOT-323_SC-70_Handsoldering,1,Si1304BDL / Si1308EDL TUBE MOS,
"R1, R2, R5",0805,3,10K,
"R3, R4, R7",0805,3,100K,
R6,0805,1,3/0.47/2.2,
"S1, S2, S3",PTS526SM15SMTR2LFS,3,BUTTON,
U1,LQFP-48_7x7mm_P0.5mm,1,STM32L010C6Tx,
Y1,XTAL_AB26T-32.768KHZ,1,32.768KHZ,
