﻿Designator,Footprint,Quantity,Value,LCSC Part #
B1,BATT_HLDR_LNX,1,BAT-HLD-001,
C1,0805,1,10u,
"C11, C2, C3, C4, C5, C6",0805,6,0.1u,
"C8, C9",0805,2,20p,
"D1, D2, D3, D4",WL-S7DS_0.3INCH,4,WL-S7DS,
J1,SWD_pads,1,Conn_01x07_Pin,
J3,PinHeader_1x03_P1.27mm_Vertical,1,Conn_A_left,
J4,3 Pin header socket,1,Conn_B_left,
J5,PinHeader_1x03_P1.27mm_Vertical,1,Conn_A_right,
J6,3 Pin header socket,1,Conn_B_right,
"R0, R11, R12",0805,3,10K,
"R1, R2, R3, R4, R5, R6, R7, R8",0805,8,200,
"R10, R9",0805,2,2k2,
SW1,SKQYAAE010 Switch,1,SW_SPST,
U1,LQFP-48_7x7mm_P0.5mm,1,STM32L010C6Tx,
U2,SSOP-28_5.3x10.2mm_P0.65mm,1,MCP23017_SS,
Y1,XTAL_AB26T-32.768KHZ,1,32.768KHZ,
